name,email,age,phone
Louis Cannon,invalid_email,25,
Adam Snyder,hendersonandrew@example.net,29,252.761.6608x23698
Joshua Cannon,matthewbooker@example.net,23,(772)728-3560x269
Mrs. Stephanie Small,howeholly@example.org,18,+1-408-618-6245x68162
Anne Miller,belindasimon@example.org,27,
Eric Moreno,invalid_email,21,2619104640
Chelsea Nelson,zayala@example.net,30,332.850.3871
Kimberly Durham,mitchellaaron@example.org,27,+1-383-806-4441x60292
Barbara Santiago,amandaberger@example.org,23,
Brenda Weaver,,18,847.985.4359x753
Mary Holloway,elizabethpeterson@example.net,23,648.209.2234x03189
Ashley Roberson,zwalton@example.org,18,001-968-630-0931x251
Robin Nelson,qmartin@example.net,20,(349)236-3866
Cheryl Wilson,fitzpatricksandra@example.org,25,(401)857-4168
John Ponce,caitlin29@example.net,27,475-455-4148
Mike Hart,invalid_email,20,+1-215-257-2892x647
William Berry,tricia73@example.org,21,772.488.3449
Lisa Carlson,jeffrey35@example.net,30,523.549.2236x9933
Gary Duncan,,26,470-496-0593x064
Leslie Sanchez,michelledaniels@example.org,23,(950)463-0299x706
Linda Patton,dustinarmstrong@example.org,24,(327)897-0614x62883
Alex Bennett,invalid_email,27,572.778.7864x9154
Troy Olson,,21,+1-448-495-6326x166
Michael Reyes,robert91@example.net,18,(818)992-8884x25131
Elizabeth Gray,invalid_email,28,7266545261
Megan Alexander,,18,+1-606-528-0603x21759
Emma Woods,invalid_email,25,376.808.1287
Lauren Black,hardinjacob@example.net,26,711-378-3724
Nicole Carr,pallen@example.net,28,545.747.1253
Cheryl Roberts,invalid_email,24,546.480.9273x10625
Kevin Pena,ztucker@example.com,20,7328902425
Adam Matthews,raven75@example.com,20,+1-803-508-9602x952
Jason Ellis,robertsjeffrey@example.net,30,(320)806-1247
Leslie Rogers,xavierwhite@example.net,27,462.295.2364
Carolyn Bartlett,xlynch@example.org,26,7686974251
Dalton Jones,sdouglas@example.org,18,(643)341-7471
Mr. Jonathan Ramirez,dariussawyer@example.com,23,599.593.8422x6722
David Jackson,willisgary@example.com,24,001-783-550-5668x70440
Patricia Harper,gonzalezkevin@example.com,29,(377)570-8420x489
Sonia Lee,hsimpson@example.com,21,+1-535-964-8641
Lori Campbell,davidperez@example.com,25,(640)883-6438
Michael Harper,invalid_email,27,
Robert Marshall,ndavis@example.net,30,(935)634-7948
Julia Ayers,invalid_email,19,204-875-7374
Matthew Guerra III,valeriewelch@example.com,20,709-934-1673x7489
Crystal Kelly,michaelblair@example.com,21,001-797-586-4672x1183
Hannah Smith,connie21@example.net,24,
Megan Mason,breweroscar@example.org,26,001-563-899-9487x6213
Kenneth Newton,brittanywelch@example.org,21,330-858-3994x136
Natalie Wood,invalid_email,25,923-508-5601
Andrea Parker,marilyn21@example.net,19,301-715-3880x014
Kathy Morales,invalid_email,18,+1-829-299-2840x550
Joseph Miller,jennifer87@example.net,21,573.841.7771x2555
Megan Hess,,20,622-853-4990
Teresa Jones,invalid_email,23,(875)481-0787
Kent Cooper,matthew98@example.net,23,833.475.9380
Ryan Murphy,robertjames@example.org,21,276.860.2926
Andre Trujillo,michellebishop@example.net,21,(318)980-5113x4653
Richard Young,,23,5048709959
Jessica Coleman,denise76@example.com,30,228.706.2671x010
Terri Mccoy,soliscynthia@example.com,26,001-693-785-9688x66417
Jonathan Johnson,,27,942-530-9729x912
Calvin Brown,brenda43@example.com,27,+1-288-973-8206x76744
Anthony Mills,lsmith@example.org,26,396-928-4130x7957
Shawn Oliver,vpaul@example.org,19,+1-377-997-4463x127
Kevin Romero,lstark@example.net,27,+1-757-685-3572
Angel Mcintosh,vaughanluis@example.com,27,+1-972-439-1185
John Levy,angelapage@example.org,26,865-920-9226x205
Connie Jarvis,petersjeffrey@example.net,30,(751)815-7040x273
Sydney Norris,invalid_email,20,535-252-3701x3829
Levi Hernandez,vli@example.com,20,(913)656-8228x480
Kimberly Mcguire,invalid_email,19,999-880-2443
Steven Rich,brittany06@example.org,18,+1-600-678-7653x53695
David Gray,jessicamurphy@example.net,23,5167808326
Carrie Nielsen,ufranklin@example.net,25,5978227074
Jeffery Murphy,amberellis@example.org,19,+1-334-260-0360x18922
Theresa Alexander,bhale@example.net,23,432.478.6751
Jamie Rodriguez,stevengarrett@example.com,23,8905026623
Nancy Farrell,invalid_email,19,
Timothy King,,28,
Michael Smith,julia03@example.org,25,+1-262-259-3098x3662
Heather Knox,matthew38@example.com,23,(673)429-0655
Brian Yoder,thomas69@example.net,22,964.922.7240
Darrell Mitchell,tvaldez@example.net,23,9684702547
Brendan Gilbert,awilliams@example.com,21,001-533-469-8907
Heather Ortega,daniel34@example.org,23,001-691-354-0817x588
Paula Goodman,,22,
Haley Mcmahon,ubrown@example.net,22,841.868.2340
Shane Allen,scottgibson@example.com,20,001-457-812-5071
Michael Carpenter,kristin01@example.org,22,(482)888-6398x4214
William Graham,blackmelissa@example.net,29,(333)895-6362x91923
Robert Bush,invalid_email,22,+1-741-870-1720x649
Jennifer Thomas,kevincruz@example.org,24,+1-780-390-3743x392
David Davis,wjones@example.net,26,673-800-2346x1050
Heather Keith,johnnylowe@example.net,18,001-722-228-7675
Victoria Mcmillan,davehardy@example.com,26,(761)722-4827x91818
William Baird,kristinjames@example.net,24,001-260-424-6641x7607
Steven Morales,katherine83@example.org,25,001-382-437-0069x72690
Alexander Williams,jeffreylewis@example.net,18,469.529.8596x588
Brenda Stevens,carrillokyle@example.com,20,284.970.6837
Mr. Charles Wolfe,chapmanjean@example.net,28,841.812.3131x3827
Mark Hall,ashleymiller@example.org,24,318-754-7087
Bradley Bridges,matthewcooper@example.com,30,(671)970-4389x11193
Mark Hernandez,denise72@example.net,21,+1-933-974-1970x863
Adrian Mora,invalid_email,25,862-422-6900
Phillip Castillo,richardsongabrielle@example.com,19,(705)802-7315x148
Jonathan Lynn,upatel@example.net,23,460-870-3790
Lauren Green,mariahall@example.net,21,606.740.1181
Stephanie Fields,invalid_email,28,001-505-373-7080
Lauren Horton,elewis@example.com,19,001-971-872-2930
Hannah Peters,zbaker@example.com,24,+1-633-756-2325x39365
Christopher Hall,invalid_email,20,561-851-5765
Amanda Moss,emily52@example.org,22,9293150987
Elizabeth Harmon,,23,484.263.0422
Daniel Brooks,amberprice@example.org,21,
Julian Ramos,brandontorres@example.org,27,001-771-705-5590x58767
Sandra Pierce,ijames@example.com,29,304.288.9261
Mary Bryant,antoniowalsh@example.org,26,(748)201-9437x13911
Thomas Kim,rocharobert@example.net,20,(740)305-6754
Richard Nash,,26,(296)454-2476
